train_loss,epoch,step
184.86289978027344,49,49
52.26103973388672,99,99
