train_loss,epoch,step
3.8435587882995605,49,49
3.0844662189483643,99,99
